pc,instr,gpr,csr,binary,mode,instr_str,operand,pad
0000000080000000,,t0:0000000000000000,,f14022f3,3,"csrr    t0, mhartid",,
0000000080000004,,t1:0000000000000000,,00000313,3,"li      t1, 0",,
000000008000000c,,tp:000000008000000c,,00000217,3,"auipc   tp, 0x0",,
0000000080000010,,tp:0000000080000018,,00c20213,3,"addi    tp, tp, 12",,
0000000080000018,,s1:ffffffffffffffff,,fff0049b,3,"addiw   s1, zero, -1",,
000000008000001c,,s1:fff8000000000000,,03349493,3,"slli    s1, s1, 51",,
0000000080000020,,s1:fff8000000000001,,00148493,3,"addi    s1, s1, 1",,
0000000080000024,,s1:8000000000001000,,00c49493,3,"slli    s1, s1, 12",,
0000000080000028,,s1:8000000000001105,,10548493,3,"addi    s1, s1, 261",,
0000000080000030,,a3:0000000080034030,,00034697,3,"auipc   a3, 0x34",,
0000000080000034,,a3:0000000080033cf8,,cc868693,3,"addi    a3, a3, -824",,
0000000080000038,,s1:0000000080002038,,00002497,3,"auipc   s1, 0x2",,
000000008000003c,,s1:0000000080002000,,fc848493,3,"addi    s1, s1, -56",,
0000000080000040,,s1:0000000080002000,,0004e493,3,"ori     s1, s1, 0",,
0000000080000048,,s1:0000000080000048,,00000497,3,"auipc   s1, 0x0",,
000000008000004c,,s1:0000000080000070,,02848493,3,"addi    s1, s1, 40",,
0000000080000058,,s1:0000000000082000,,000824b7,3,"lui     s1, 0x82",,
000000008000005c,,s1:0000000000081800,,8004849b,3,"addiw   s1, s1, -2048",,
0000000080000064,,s1:0000000000000000,,00000493,3,"li      s1, 0",,
0000000080000074,,ra:0000000000000001,,0010009b,3,"addiw   ra, zero, 1",,
0000000080000078,,ra:0000000080000000,,01f09093,3,"slli    ra, ra, 31",,
000000008000007c,,sp:0000000000000001,,0010011b,3,"addiw   sp, zero, 1",,
0000000080000080,,sp:0000000080000000,,01f11113,3,"slli    sp, sp, 31",,
0000000080000084,,gp:0000000000000001,,0010019b,3,"addiw   gp, zero, 1",,
0000000080000088,,gp:0000000080000000,,01f19193,3,"slli    gp, gp, 31",,
000000008000008c,,tp:0000000000000000,,00000213,3,"li      tp, 0",,
0000000080000090,,t0:00000000000f3000,,000f32b7,3,"lui     t0, 0xf3",,
0000000080000094,,t0:00000000000f35d1,,5d12829b,3,"addiw   t0, t0, 1489",,
0000000080000098,,t0:00000000f35d1000,,00c29293,3,"slli    t0, t0, 12",,
000000008000009c,,t0:00000000f35d0986,,98628293,3,"addi    t0, t0, -1658",,
00000000800000a0,,t1:0000000000000000,,00000313,3,"li      t1, 0",,
00000000800000a4,,t2:0000000000048000,,000483b7,3,"lui     t2, 0x48",,
00000000800000a8,,t2:000000000004856b,,56b3839b,3,"addiw   t2, t2, 1387",,
00000000800000ac,,t2:0000000090ad6000,,00d39393,3,"slli    t2, t2, 13",,
00000000800000b0,,t2:0000000090ad6031,,03138393,3,"addi    t2, t2, 49",,
00000000800000b4,,s0:0000000000000001,,0010041b,3,"addiw   s0, zero, 1",,
00000000800000b8,,s0:0000000080000000,,01f41413,3,"slli    s0, s0, 31",,
00000000800000bc,,s1:0000000000000001,,0010049b,3,"addiw   s1, zero, 1",,
00000000800000c0,,s1:0000000080000000,,01f49493,3,"slli    s1, s1, 31",,
00000000800000c4,,a0:0000000001635000,,01635537,3,"lui     a0, 0x1635",,
00000000800000c8,,a0:0000000001635102,,1025051b,3,"addiw   a0, a0, 258",,
00000000800000cc,,a1:000000000000000c,,00c00593,3,"li      a1, 12",,
00000000800000d0,,a2:000000000000000d,,00d00613,3,"li      a2, 13",,
00000000800000d4,,a4:0000000048b72000,,48b72737,3,"lui     a4, 0x48b72",,
00000000800000d8,,a4:0000000048b723a1,,3a17071b,3,"addiw   a4, a4, 929",,
00000000800000dc,,a5:0000000000000001,,0010079b,3,"addiw   a5, zero, 1",,
00000000800000e0,,a5:0000000080000000,,01f79793,3,"slli    a5, a5, 31",,
00000000800000e4,,a6:0000000000000001,,0010081b,3,"addiw   a6, zero, 1",,
00000000800000e8,,a6:0000000080000000,,01f81813,3,"slli    a6, a6, 31",,
00000000800000ec,,a7:0000000000000000,,00000893,3,"li      a7, 0",,
00000000800000f0,,s2:0000000000000000,,00000913,3,"li      s2, 0",,
00000000800000f4,,s3:0000000000000001,,0010099b,3,"addiw   s3, zero, 1",,
00000000800000f8,,s3:0000000080000000,,01f99993,3,"slli    s3, s3, 31",,
00000000800000fc,,s4:0000000014298000,,14298a37,3,"lui     s4, 0x14298",,
0000000080000100,,s4:0000000014297b38,,b38a0a1b,3,"addiw   s4, s4, -1224",,
0000000080000104,,s5:000000007377a000,,7377aab7,3,"lui     s5, 0x7377a",,
0000000080000108,,s5:00000000737799f6,,9f6a8a9b,3,"addiw   s5, s5, -1546",,
000000008000010c,,s6:0000000000000009,,00900b13,3,"li      s6, 9",,
0000000080000110,,s7:0000000000000003,,00300b93,3,"li      s7, 3",,
0000000080000114,,s8:0000000000000001,,00100c1b,3,"addiw   s8, zero, 1",,
0000000080000118,,s8:0000000080000000,,01fc1c13,3,"slli    s8, s8, 31",,
000000008000011c,,s10:0000000000000000,,00000d13,3,"li      s10, 0",,
0000000080000120,,s11:0000000000071000,,00071db7,3,"lui     s11, 0x71",,
0000000080000124,,s11:0000000000071173,,173d8d9b,3,"addiw   s11, s11, 371",,
0000000080000128,,s11:00000000e22e6000,,00dd9d93,3,"slli    s11, s11, 13",,
000000008000012c,,s11:00000000e22e5ad4,,ad4d8d93,3,"addi    s11, s11, -1324",,
0000000080000130,,t3:00000000000f5000,,000f5e37,3,"lui     t3, 0xf5",,
0000000080000134,,t3:00000000000f4b37,,b37e0e1b,3,"addiw   t3, t3, -1225",,
0000000080000138,,t3:00000000f4b37000,,00ce1e13,3,"slli    t3, t3, 12",,
000000008000013c,,t3:00000000f4b37789,,789e0e13,3,"addi    t3, t3, 1929",,
0000000080000140,,t4:0000000000000001,,00100e9b,3,"addiw   t4, zero, 1",,
0000000080000144,,t4:0000000080000000,,01fe9e93,3,"slli    t4, t4, 31",,
0000000080000148,,t5:0000000000000000,,00000f13,3,"li      t5, 0",,
000000008000014c,,t6:00000000000f7000,,000f7fb7,3,"lui     t6, 0xf7",,
0000000080000150,,t6:00000000000f724f,,24ff8f9b,3,"addiw   t6, t6, 591",,
0000000080000154,,t6:00000000f724f000,,00cf9f93,3,"slli    t6, t6, 12",,
0000000080000158,,t6:00000000f724f6ae,,6aef8f93,3,"addi    t6, t6, 1710",,
000000008000015c,,s9:000000008002c15c,,0002cc97,3,"auipc   s9, 0x2c",,
0000000080000160,,s9:000000008002bc38,,adcc8c93,3,"addi    s9, s9, -1316",,
0000000080000164,,a1:0000000080011164,,00011597,3,"auipc   a1, 0x11",,
0000000080000168,,a1:0000000080010b2c,,9c858593,3,"addi    a1, a1, -1592",,
0000000080000170,,sp:ffffffffffffffd6,,ff158103,3,"lb      sp, -15(a1)",,
0000000080000174,,t1:fffffffff4f5f6f7,,0105a303,3,"lw      t1, 16(a1)",,
0000000080000178,,s8:fffffffff4f5f6f7,,0105ac03,3,"lw      s8, 16(a1)",,
000000008000017c,,s5:fffffffff4f5f6f7,,0105aa83,3,"lw      s5, 16(a1)",,
0000000080000184,,t5:fffffffffffff6f7,,01059f03,3,"lh      t5, 16(a1)",,
0000000080000188,,sp:fffffffff4f5f6f7,,0105a103,3,"lw      sp, 16(a1)",,
0000000080000190,,sp:ffffffffffffeced,,00a59103,3,"lh      sp, 10(a1)",,
0000000080000194,,t1:0000000000000001,,1298a313,3,"slti    t1, a7, 297",,
0000000080000198,,a5:00000000000000e6,,0015c783,3,"lbu     a5, 1(a1)",,
000000008000019c,,s11:ffffffffffffffe6,,00158d83,3,"lb      s11, 1(a1)",,
00000000800001a0,,t0:00000000000000e0,,fff5c283,3,"lbu     t0, -1(a1)",,
00000000800001a8,,s7:0000000000000000,,fff5cb83,3,"lbu     s7, -1(a1)",,
00000000800001ac,,ra:0000000000000000,,fff58083,3,"lb      ra, -1(a1)",,
00000000800001b0,,s10:000000000000e8e9,,0065dd03,3,"lhu     s10, 6(a1)",,
00000000800001b8,,t6:00000000800101b8,,00010f97,3,"auipc   t6, 0x10",,
00000000800001bc,,t6:00000000800104ec,,334f8f93,3,"addi    t6, t6, 820",,
00000000800001c0,,t5:0000000000000040,,79ff8f03,3,"lb      t5, 1951(t6)",,
00000000800001c4,,t5:0000000000000040,,79ff8f03,3,"lb      t5, 1951(t6)",,
00000000800001c8,,s0:000000000000002e,,289f8403,3,"lb      s0, 649(t6)",,
00000000800001cc,,s4:000000000000002e,,289fca03,3,"lbu     s4, 649(t6)",,
00000000800001d4,,t0:ffffffffffffffe4,,743f8283,3,"lb      t0, 1859(t6)",,
00000000800001dc,,a7:0000000000000000,,03ff28b3,3,"mulhsu  a7, t5, t6",,
00000000800001e0,,s8:0000000000000031,,743f8c03,3,"lb      s8, 1859(t6)",,
00000000800001e4,,s6:0000000000000031,,743f8b03,3,"lb      s6, 1859(t6)",,
00000000800001ec,,a7:ffffffffffffffa1,,743f8883,3,"lb      a7, 1859(t6)",,
00000000800001f0,,a7:0000000000000054,,7b3fc883,3,"lbu     a7, 1971(t6)",,
00000000800001f4,,s10:0000000000000054,,7b3fcd03,3,"lbu     s10, 1971(t6)",,
00000000800001fc,,t5:0000000000000001,,7b3fcf03,3,"lbu     t5, 1971(t6)",,
0000000080000200,,t0:00000000000000ec,,24bfc283,3,"lbu     t0, 587(t6)",,
0000000080000208,,ra:ffffffffffffffff,,0321c0b3,3,"div     ra, gp, s2",,
000000008000020c,,s8:fffffffff4f5f6f7,,01eaec33,3,"or      s8, s5, t5",,
0000000080000214,,s2:0000000000000054,,24bf8903,3,"lb      s2, 587(t6)",,
0000000080000218,,s7:0000000000000001,,011b2bb3,3,"slt     s7, s6, a7",,
000000008000021c,,a0:0000000000000054,,24bfc503,3,"lbu     a0, 587(t6)",,
0000000080000220,,sp:0000000080011220,,00011117,3,"auipc   sp, 0x11",,
0000000080000224,,sp:0000000080010d0d,,aed10113,3,"addi    sp, sp, -1299",,
0000000080000228,,t1:ffffffffffffffd0,,00e10303,3,"lb      t1, 14(sp)",,
000000008000022c,,s11:ffffffffffffffd0,,00e10d83,3,"lb      s11, 14(sp)",,
0000000080000234,,a5:ffffffffffffffec,,00e10783,3,"lb      a5, 14(sp)",,
0000000080000238,,a0:ffffffffffffffec,,00e10503,3,"lb      a0, 14(sp)",,
0000000080000244,,a5:0000000000000000,,00e14783,3,"lbu     a5, 14(sp)",,
0000000080000248,,a7:ffff4f5f6f700000,,01ac18b3,3,"sll     a7, s8, s10",,
000000008000024c,,ra:0000000000000000,,00e14083,3,"lbu     ra, 14(sp)",,
0000000080000250,,a4:0000000000000000,,0108171b,3,"slliw   a4, a6, 16",,
0000000080000254,,s11:0000000000000000,,00e10d83,3,"lb      s11, 14(sp)",,
0000000080000258,,s0:0000000000000000,,00e10403,3,"lb      s0, 14(sp)",,
0000000080000264,,s6:0000000000000000,,00e10b03,3,"lb      s6, 14(sp)",,
000000008000026c,,s6:fffffffffeacbb0d,,0323cb3b,3,"divw    s6, t2, s2",,
0000000080000270,,a2:0000000000000000,,0225d63b,3,"divuw   a2, a1, sp",,
0000000080000284,,sp:0000000080013284,,00013117,3,"auipc   sp, 0x13",,
0000000080000288,,sp:000000008001312a,,ea610113,3,"addi    sp, sp, -346",,
000000008000028c,,s11:ffffffffffffffff,,415addb3,3,"sra     s11, s5, s5",,
0000000080000290,,s10:fffffffff4f5f725,,014c0d33,3,"add     s10, s8, s4",,
0000000080000294,,s1:000000000000000c,,32d14483,3,"lbu     s1, 813(sp)",,
000000008000029c,,a0:ffffffffffffffff,,0245453b,3,"divw    a0, a0, tp",,
00000000800002a0,,a4:0000000000000081,,1a014703,3,"lbu     a4, 416(sp)",,
00000000800002a4,,s10:00000000800104ec,,01f0cd33,3,"xor     s10, ra, t6",,
00000000800002ac,,gp:0000000000000068,,f8914183,3,"lbu     gp, -119(sp)",,
00000000800002b0,,s0:0000000000081000,,00971433,3,"sll     s0, a4, s1",,
00000000800002b4,,s5:000000007eacbb0d,,01698ab3,3,"add     s5, s3, s6",,
00000000800002b8,,s2:0000000000000000,,03309913,3,"slli    s2, ra, 51",,
00000000800002c0,,s8:000000000cc93000,,0cc93c37,3,"lui     s8, 0xcc93",,
00000000800002c4,,t6:0000000000000000,,02dabfb3,3,"mulhu   t6, s5, a3",,
00000000800002c8,,a1:00000000a18a42c8,,218a4597,3,"auipc   a1, 0x218a4",,
00000000800002cc,,t3:00000000000000fc,,71d14e03,3,"lbu     t3, 1821(sp)",,
00000000800002d4,,t1:fffffffffeacbb01,,0164c333,3,"xor     t1, s1, s6",,
00000000800002d8,,a2:0000000000000000,,414d5633,3,"sra     a2, s10, s4",,
00000000800002e0,,a2:fffffffff27d4000,,f27d4637,3,"lui     a2, 0xf27d4",,
00000000800002e4,,s1:0000000000004041,,56011483,3,"lh      s1, 1376(sp)",,
00000000800002e8,,a0:0000000000081349,,34940513,3,"addi    a0, s0, 841",,
00000000800002ec,,t0:fffffffffeacbb0d,,03eb52b3,3,"divu    t0, s6, t5",,
00000000800002f0,,a2:ffffffffffffffff,,02f75633,3,"divu    a2, a4, a5",,
00000000800002f4,,s8:00000000000000ec,,e0d14c03,3,"lbu     s8, -499(sp)",,
00000000800002f8,,t1:000000007ffffb20,,b208031b,3,"addiw   t1, a6, -1248",,
00000000800002fc,,a5:0000000000000000,,03b787b3,3,"mul     a5, a5, s11",,
0000000080000300,,a6:0000000000000001,,73c8a813,3,"slti    a6, a7, 1852",,
0000000080000304,,t0:0000000000000000,,023822b3,3,"mulhsu  t0, a6, gp",,
0000000080000308,,gp:0000000000000055,,87414183,3,"lbu     gp, -1932(sp)",,
000000008000030c,,s1:ffffffffa4a5a6a7,,cc212483,3,"lw      s1, -830(sp)",,
0000000080000318,,ra:00000000000000ec,,02dc60bb,3,"remw    ra, s8, a3",,
0000000080000320,,a2:00000000000000ab,,0c614603,3,"lbu     a2, 198(sp)",,
0000000080000324,,s1:ffffffffa4a5a64b,,0184c4b3,3,"xor     s1, s1, s8",,
0000000080000328,,t4:0000000000000000,,032ade93,3,"srli    t4, s5, 50",,
0000000080000330,,t3:0000000000000000,,02ebde33,3,"divu    t3, s7, a4",,
0000000080000334,,a4:0000000000000000,,02ddc73b,3,"divw    a4, s11, a3",,
0000000080000338,,s0:0d00000000000000,,00da9433,3,"sll     s0, s5, a3",,
0000000080000340,,t5:0000000000000071,,19014f03,3,"lbu     t5, 400(sp)",,
0000000080000344,,a5:0000000000015400,,00a1979b,3,"slliw   a5, gp, 10",,
0000000080000348,,t1:000000000000003a,,95710303,3,"lb      t1, -1705(sp)",,
000000008000034c,,sp:000000008001134c,,00011117,3,"auipc   sp, 0x11",,
0000000080000350,,sp:0000000080010bb0,,86410113,3,"addi    sp, sp, -1948",,
0000000080000358,,s10:000000000000005a,,ff114d03,3,"lbu     s10, -15(sp)",,
000000008000035c,,s8:0000000000000000,,412e5c1b,3,"sraiw   s8, t3, 18",,
0000000080000360,,t1:000000000000005a,,ff110303,3,"lb      t1, -15(sp)",,
0000000080000364,,a0:0400000000000000,,03a81513,3,"slli    a0, a6, 58",,
0000000080000378,,ra:0000000000000001,,004b20b3,3,"slt     ra, s6, tp",,
000000008000037c,,t6:0000000000000001,,03510f83,3,"lb      t6, 53(sp)",,
0000000080000380,,s6:000000000000003c,,fd714b03,3,"lbu     s6, -41(sp)",,
0000000080000384,,s3:3c3d3e3f38393a3b,,fd013983,3,"ld      s3, -48(sp)",,
0000000080000388,,a2:00000000000000a7,,03c14603,3,"lbu     a2, 60(sp)",,
000000008000038c,,s4:0000000000005455,,fee15a03,3,"lhu     s4, -18(sp)",,
0000000080000390,,s10:0000000000000050,,feb10d03,3,"lb      s10, -21(sp)",,
0000000080000394,,t3:000000000000002f,,fc410e03,3,"lb      t3, -60(sp)",,
000000008000039c,,a1:0000000000dee000,,0078d59b,3,"srliw   a1, a7, 7",,
00000000800003a8,,a1:ffffffffffffff96,,02d10583,3,"lb      a1, 45(sp)",,
00000000800003ac,,ra:ebedee0000000000,,014890b3,3,"sll     ra, a7, s4",,
00000000800003b0,,t1:000000000000004a,,fe110303,3,"lb      t1, -31(sp)",,
00000000800003b8,,s2:00000000800113b8,,00011917,3,"auipc   s2, 0x11",,
00000000800003bc,,s2:0000000080010ee0,,b2890913,3,"addi    s2, s2, -1240",,
00000000800003c0,,t0:ffffffffffffa0a1,,00a91283,3,"lh      t0, 10(s2)",,
00000000800003c8,,s6:00000000000000a2,,00994b03,3,"lbu     s6, 9(s2)",,
00000000800003cc,,s1:fffffffffffffc3f,,c31e6493,3,"ori     s1, t3, -975",,
00000000800003d0,,t4:0000000000000000,,025d9eb3,3,"mulh    t4, s11, t0",,
00000000800003d4,,t6:ffffffffffffa0a1,,025f8fbb,3,"mulw    t6, t6, t0",,
00000000800003d8,,t3:00000000000000a2,,00994e03,3,"lbu     t3, 9(s2)",,
00000000800003dc,,sp:ffffffffffffff98,,00390103,3,"lb      sp, 3(s2)",,
00000000800003e4,,t3:0000000000000055,,0361ee3b,3,"remw    t3, gp, s6",,
00000000800003e8,,a5:0000000000000098,,00394783,3,"lbu     a5, 3(s2)",,
00000000800003f0,,s4:0000000000000000,,fff94a03,3,"lbu     s4, -1(s2)",,
00000000800003f4,,t1:ffffffffffffa6a7,,00c91303,3,"lh      t1, 12(s2)",,
00000000800003f8,,s0:ffffffffffffff8e,,ff590403,3,"lb      s0, -11(s2)",,
0000000080000400,,sp:0000000080010400,,00010117,3,"auipc   sp, 0x10",,
0000000080000404,,sp:0000000080010289,,e8910113,3,"addi    sp, sp, -375",,
0000000080000410,,s1:0000000000000050,,01210483,3,"lb      s1, 18(sp)",,
0000000080000414,,t0:0000000000000000,,004f32b3,3,"sltu    t0, t5, tp",,
0000000080000418,,t4:0000000090ad60a2,,01e38eb3,3,"add     t4, t2, t5",,
000000008000041c,,s1:0000000000000001,,37f2b493,3,"sltiu   s1, t0, 895",,
0000000080000424,,a0:000000006f6fffff,,4108853b,3,"subw    a0, a7, a6",,
0000000080000428,,s10:0000000000000040,,4c5d7d13,3,"andi    s10, s10, 1221",,
000000008000042c,,s8:0000000000000000,,4197dc3b,3,"sraw    s8, a5, s9",,
0000000080000430,,t6:0000000000000000,,03e2bfb3,3,"mulhu   t6, t0, t5",,
0000000080000434,,t2:0000000000000062,,02010383,3,"lb      t2, 32(sp)",,
000000008000043c,,s1:0000000000000030,,ff214483,3,"lbu     s1, -14(sp)",,
0000000080000440,,t4:0000000000000046,,00410e83,3,"lb      t4, 4(sp)",,
0000000080000444,,s5:0000000000001011,,fd115a83,3,"lhu     s5, -47(sp)",,
0000000080000448,,t0:0000000001818b42,,03c6d2bb,3,"divuw   t0, a3, t3",,
0000000080000458,,s5:0000000000000000,,9a9efa93,3,"andi    s5, t4, -1623",,
000000008000045c,,t1:0000000000000046,,00414303,3,"lbu     t1, 4(sp)",,
0000000080000464,,a7:0000000000000046,,404308b3,3,"sub     a7, t1, tp",,
0000000080000468,,t3:000000000000006e,,02c10e03,3,"lb      t3, 44(sp)",,
000000008000046c,,s0:0000000000000086,,01dd043b,3,"addw    s0, s10, t4",,
0000000080000474,,s7:000000008002bd3e,,13eceb93,3,"ori     s7, s9, 318",,
000000008000047c,,s4:0000000000000074,,03614a03,3,"lbu     s4, 54(sp)",,
0000000080000480,,s6:0000000000004849,,00915b03,3,"lhu     s6, 9(sp)",,
0000000080000484,,t6:000000000000006b,,02714f83,3,"lbu     t6, 39(sp)",,
0000000080000488,,s5:000000000000001f,,fdb14a83,3,"lbu     s5, -37(sp)",,
000000008000048c,,t3:0000000000000034,,ff610e03,3,"lb      t3, -10(sp)",,
0000000080000490,,a2:000000000000002e,,fec14603,3,"lbu     a2, -20(sp)",,
0000000080000494,,s7:000000000000001e,,fdc14b83,3,"lbu     s7, -36(sp)",,
0000000080000498,,s5:0000000080010498,,00010a97,3,"auipc   s5, 0x10",,
000000008000049c,,s5:00000000800100e9,,c51a8a93,3,"addi    s5, s5, -943",,
00000000800004a0,,s3:0000303168400000,,003299b3,3,"sll     s3, t0, gp",,
00000000800004a4,,s8:ffffffffffffffea,,548a8c03,3,"lb      s8, 1352(s5)",,
00000000800004a8,,a7:0000000001818db7,,27528893,3,"addi    a7, t0, 629",,
00000000800004ac,,s10:ffffffffffffff9b,,2f7a8d03,3,"lb      s10, 759(s5)",,
00000000800004b0,,t2:000000003b8f8000,,3b8f83b7,3,"lui     t2, 0x3b8f8",,
00000000800004b4,,s6:ffffffffffffffc4,,726a8b03,3,"lb      s6, 1830(s5)",,
00000000800004b8,,t6:0000000000000000,,02418fb3,3,"mul     t6, gp, tp",,
00000000800004bc,,t6:ffffffff9747f000,,9747ffb7,3,"lui     t6, 0x9747f",,
00000000800004c0,,a1:0000000000000000,,01c535b3,3,"sltu    a1, a0, t3",,
00000000800004c4,,t5:000000000000001d,,47dacf03,3,"lbu     t5, 1149(s5)",,
00000000800004c8,,a4:0000000000000000,,4117573b,3,"sraw    a4, a4, a7",,
00000000800004cc,,s2:0000000000000030,,01c4f933,3,"and     s2, s1, t3",,
00000000800004d0,,a0:0000000000000030,,03396533,3,"rem     a0, s2, s3",,
00000000800004d4,,a5:0000000000000053,,0afac783,3,"lbu     a5, 175(s5)",,
00000000800004d8,,s2:0000000000000007,,03dfd913,3,"srli    s2, t6, 61",,
00000000800004e0,,t1:000000000000005b,,5b7a8303,3,"lb      t1, 1463(s5)",,
00000000800004e8,,a7:0000000000000045,,fa5ac883,3,"lbu     a7, -91(s5)",,
00000000800004f0,,a6:000000000000003f,,f9ba8803,3,"lb      a6, -101(s5)",,
00000000800004f8,,s8:0000000000000081,,1e1acc03,3,"lbu     s8, 481(s5)",,
00000000800004fc,,s6:0000000000000fff,,01cd5b3b,3,"srlw    s6, s10, t3",,
0000000080000500,,a5:00000000000000e5,,345ac783,3,"lbu     a5, 837(s5)",,
0000000080000504,,t0:0000000000000000,,0394b2b3,3,"mulhu   t0, s1, s9",,
0000000080000508,,gp:0000002180000000,,017411b3,3,"sll     gp, s0, s7",,
0000000080000510,,a7:00000000000000d2,,330ac883,3,"lbu     a7, 816(s5)",,
0000000080000514,,s4:0000000000000001,,01ae3a33,3,"sltu    s4, t3, s10",,
0000000080000518,,s6:03fffffffe5d1fc0,,01dfdb33,3,"srl     s6, t6, t4",,
000000008000051c,,t3:0000000000001e1f,,17ba9e03,3,"lh      t3, 379(s5)",,
0000000080000520,,s3:000000003b8f805b,,006389bb,3,"addw    s3, t2, t1",,
0000000080000524,,t3:0000000000000000,,02b2ee3b,3,"remw    t3, t0, a1",,
0000000080000528,,a4:0000000000000001,,41d2b713,3,"sltiu   a4, t0, 1053",,
000000008000052c,,t0:00000000000000c8,,62aac283,3,"lbu     t0, 1578(s5)",,
0000000080000534,,t0:0000000000006a6b,,2c7ad283,3,"lhu     t0, 711(s5)",,
0000000080000538,,a7:ffffffffffffffff,,020bd8bb,3,"divuw   a7, s7, zero",,
000000008000053c,,s11:00000000000000e2,,340acd83,3,"lbu     s11, 832(s5)",,
0000000080000540,,a5:000000000000421d,,17dad783,3,"lhu     a5, 381(s5)",,
0000000080000544,,s8:000000000000b4b5,,515adc03,3,"lhu     s8, 1301(s5)",,
0000000080000548,,s1:ffffffffffffff92,,5f0a8483,3,"lb      s1, 1520(s5)",,
000000008000054c,,t3:0000000000004233,,00c7ce33,3,"xor     t3, a5, a2",,
0000000080000550,,gp:ffffffffd5040000,,02d381bb,3,"mulw    gp, t2, a3",,
0000000080000558,,s3:0000000010111213,,56fae983,3,"lwu     s3, 1391(s5)",,
000000008000055c,,t5:000000008001055c,,00010f17,3,"auipc   t5, 0x10",,
0000000080000560,,t5:0000000080010120,,bc4f0f13,3,"addi    t5, t5, -1084",,
0000000080000564,,s11:0000000000000000,,03af5db3,3,"divu    s11, t5, s10",,
0000000080000568,,s2:0000000000000000,,796e3913,3,"sltiu   s2, t3, 1942",,
0000000080000570,,s10:0000000000007471,,09af5d03,3,"lhu     s10, 154(t5)",,
0000000080000574,,t0:0000000000000002,,f29f0283,3,"lb      t0, -215(t5)",,
0000000080000578,,s0:0000000000000066,,f8df4403,3,"lbu     s0, -115(t5)",,
000000008000057c,,a2:ffffffffffffffd0,,0fbf0603,3,"lb      a2, 251(t5)",,
0000000080000580,,t6:0000000000000000,,02e7ffbb,3,"remuw   t6, a5, a4",,
0000000080000584,,s11:000000000000006a,,f91f0d83,3,"lb      s11, -111(t5)",,
0000000080000588,,s5:0000000000000074,,f9ff0a83,3,"lb      s5, -97(t5)",,
0000000080000590,,a2:0000000000000061,,f8af4603,3,"lbu     a2, -118(t5)",,
0000000080000594,,a5:0000000000000000,,0059b7b3,3,"sltu    a5, s3, t0",,
0000000080000598,,s11:000000000000000d,,f36f4d83,3,"lbu     s11, -202(t5)",,
00000000800005a0,,t6:0000000001dc7c00,,4053df93,3,"srai    t6, t2, 5",,
00000000800005a4,,s11:ebededfffffff9bf,,9bf08d93,3,"addi    s11, ra, -1601",,
00000000800005a8,,s11:00000000000000ce,,ff5f4d83,3,"lbu     s11, -11(t5)",,
00000000800005ac,,a1:ffffffffc470803f,,407805b3,3,"sub     a1, a6, t2",,
00000000800005b4,,sp:ffffffffffffffb4,,0dff0103,3,"lb      sp, 223(t5)",,
00000000800005b8,,t4:0000000000000000,,00bf2eb3,3,"slt     t4, t5, a1",,
00000000800005bc,,t4:ffffffffffffffb1,,0daf0e83,3,"lb      t4, 218(t5)",,
00000000800005c0,,a7:000000002c028000,,026388bb,3,"mulw    a7, t2, t1",,
00000000800005c4,,sp:000000002605c000,,2605c137,3,"lui     sp, 0x2605c",,
00000000800005cc,,a7:0000000000000000,,021f08bb,3,"mulw    a7, t5, ra",,
00000000800005d0,,a2:0000000000000000,,01237633,3,"and     a2, t1, s2",,
00000000800005d4,,s10:000000000000008a,,0b1f4d03,3,"lbu     s10, 177(t5)",,
00000000800005dc,,t3:0000000000000066,,f8df4e03,3,"lbu     t3, -115(t5)",,
00000000800005e0,,s5:0000000000000016,,f3df4a83,3,"lbu     s5, -195(t5)",,
00000000800005e4,,s3:0000000001dc7c00,,01f969b3,3,"or      s3, s2, t6",,
00000000800005e8,,s10:000000000000009e,,40950d3b,3,"subw    s10, a0, s1",,
00000000800005f0,,ra:fffffffffe5d1fc0,,01fb50bb,3,"srlw    ra, s6, t6",,
00000000800005f4,,s7:00000000000002fe,,2fd70b93,3,"addi    s7, a4, 765",,
00000000800005fc,,t0:0000000000000040,,0196d29b,3,"srliw   t0, a3, 25",,
0000000080000600,,t2:0000000000000000,,011883b3,3,"add     t2, a7, a7",,
0000000080000608,,a7:ffffffffffffffc2,,0e9f0883,3,"lb      a7, 233(t5)",,
000000008000060c,,t1:6bffffff6b1a4940,,03630333,3,"mul     t1, t1, s6",,
0000000080000614,,a7:000000008002bc38,,000c98b3,3,"sll     a7, s9, zero",,
0000000080000618,,a6:0000000059820000,,59820837,3,"lui     a6, 0x59820",,
000000008000061c,,s1:ffffffffffffffff,,02c754b3,3,"divu    s1, a4, a2",,
0000000080000620,,t0:0000000000000000,,000222b3,3,"slt     t0, tp, zero",,
0000000080000624,,s6:000000000000ee3e,,0099db1b,3,"srliw   s6, s3, 9",,
0000000080000628,,s8:ffffffffffff9697,,fbcf1c03,3,"lh      s8, -68(t5)",,
000000008000062c,,a0:000000008001062c,,00010517,3,"auipc   a0, 0x10",,
0000000080000630,,a0:000000008001030e,,ce250513,3,"addi    a0, a0, -798",,
0000000080000634,,t4:000000000000babb,,ff255e83,3,"lhu     t4, -14(a0)",,
0000000080000638,,a2:0000000000ee3e00,,001fd613,3,"srli    a2, t6, 1",,
000000008000063c,,s8:0000000000000033,,41445c3b,3,"sraw    s8, s0, s4",,
0000000080000640,,s7:ffffffff80f0fa38,,01160bbb,3,"addw    s7, a2, a7",,
0000000080000648,,t0:ffffffffffffffba,,ff350283,3,"lb      t0, -13(a0)",,
000000008000064c,,s11:0000000000673794,,02a40dbb,3,"mulw    s11, s0, a0",,
0000000080000650,,s2:00000000000000c4,,00154903,3,"lbu     s2, 1(a0)",,
0000000080000654,,t0:00000000000000ba,,ff354283,3,"lbu     t0, -13(a0)",,
0000000080000658,,t2:00000000000000bc,,ff954383,3,"lbu     t2, -7(a0)",,
0000000080000660,,s2:0000000000000003,,41c9593b,3,"sraw    s2, s2, t3",,
0000000080000668,,s7:0000000000000066,,022e6bb3,3,"rem     s7, t3, sp",,
000000008000066c,,t1:fffffffffffffa03,,a032031b,3,"addiw   t1, tp, -1533",,
0000000080000670,,sp:000000000000003e,,00350103,3,"lb      sp, 3(a0)",,
0000000080000678,,a6:00000000000000c4,,00154803,3,"lbu     a6, 1(a0)",,
0000000080000680,,s1:0000000000673794,,004dd4bb,3,"srlw    s1, s11, tp",,
0000000080000684,,s1:000000898a6c132c,,033354b3,3,"divu    s1, t1, s3",,
0000000080000688,,a6:0000000005800000,,016a981b,3,"slliw   a6, s5, 22",,
000000008000068c,,s1:000000018003092a,,032504b3,3,"mul     s1, a0, s2",,
0000000080000690,,gp:0000000000000008,,035de1bb,3,"remw    gp, s11, s5",,
0000000080000694,,t0:0000000000000009,,00e1c2b3,3,"xor     t0, gp, a4",,
0000000080000698,,s10:0000000000ee3e00,,40460d33,3,"sub     s10, a2, tp",,
000000008000069c,,a1:ffffffff7ffeff46,,41e405b3,3,"sub     a1, s0, t5",,
00000000800006a4,,sp:0000000000000001,,01273133,3,"sltu    sp, a4, s2",,
00000000800006ac,,s4:0000000001dc7c00,,0299fa3b,3,"remuw   s4, s3, s1",,
00000000800006b0,,sp:0000000000ce6f28,,001d911b,3,"slliw   sp, s11, 1",,
00000000800006b8,,gp:0000000000000000,,00950183,3,"lb      gp, 9(a0)",,
00000000800006bc,,s5:0000000000003ecb,,00255a83,3,"lhu     s5, 2(a0)",,
00000000800006c0,,t3:0000000033231000,,33231e37,3,"lui     t3, 0x33231",,
00000000800006c4,,s7:00000000000000d7,,0d706b93,3,"ori     s7, zero, 215",,
00000000800006c8,,s11:0000000000000000,,4192dd93,3,"srai    s11, t0, 25",,
00000000800006d0,,a2:00000000800186d0,,00018617,3,"auipc   a2, 0x18",,
00000000800006d4,,a2:00000000800189e0,,31060613,3,"addi    a2, a2, 784",,
00000000800006d8,,t2:0000000000000000,,027623b3,3,"mulhsu  t2, a2, t2",,
00000000800006e4,,s2:000000000000d0d1,,03a65903,3,"lhu     s2, 58(a2)",,
00000000800006e8,,t3:0000000000000033,,0a160e03,3,"lb      t3, 161(a2)",,
00000000800006f0,,a0:000000000000003e,,fa564503,3,"lbu     a0, -91(a2)",,
00000000800006f4,,a4:0000000078797a7b,,fe066703,3,"lwu     a4, -32(a2)",,
00000000800006fc,,ra:fffffffffffffffa,,f6160083,3,"lb      ra, -159(a2)",,
0000000080000700,,a0:000000000000009e,,f0564503,3,"lbu     a0, -251(a2)",,
0000000080000708,,s6:0000000000000000,,0d960b03,3,"lb      s6, 217(a2)",,
000000008000070c,,a0:0000000000000000,,0d960503,3,"lb      a0, 217(a2)",,
0000000080000714,,s0:000000000000008a,,ff164403,3,"lbu     s0, -15(a2)",,
000000008000071c,,t3:ffffffffffffeeef,,f5461e03,3,"lh      t3, -172(a2)",,
0000000080000720,,s10:ffffffffffffffef,,f5460d03,3,"lb      s10, -172(a2)",,
0000000080000728,,s3:ffffffffffffffda,,f4160983,3,"lb      s3, -191(a2)",,
000000008000072c,,a4:000000008001072c,,00010717,3,"auipc   a4, 0x10",,
0000000080000730,,a4:000000008001054b,,e1f70713,3,"addi    a4, a4, -481",,
0000000080000734,,a2:0000000000000034,,f3470603,3,"lb      a2, -204(a4)",,
0000000080000738,,s0:0000000000018003,,4104d413,3,"srai    s0, s1, 16",,
000000008000073c,,a7:0000000000000034,,f3474883,3,"lbu     a7, -204(a4)",,
0000000080000744,,s6:000000000000009e,,f9a74b03,3,"lbu     s6, -102(a4)",,
0000000080000748,,s11:ffffffffffffff9e,,f9a70d83,3,"lb      s11, -102(a4)",,
0000000080000750,,a2:0000000000000000,,0297e63b,3,"remw    a2, a5, s1",,
0000000080000754,,t2:000000000000c0c1,,0bf75383,3,"lhu     t2, 191(a4)",,
0000000080000758,,s8:ffffffffffffc0c1,,0bf71c03,3,"lh      s8, 191(a4)",,
000000008000075c,,s11:000000007ffffff7,,001d5d9b,3,"srliw   s11, s10, 1",,
000000008000076c,,a7:0000000000000076,,07270883,3,"lb      a7, 114(a4)",,
0000000080000774,,t5:0000000000000000,,f9774f03,3,"lbu     t5, -105(a4)",,
0000000080000778,,s4:ffffffffffffffd4,,0d470a03,3,"lb      s4, 212(a4)",,
0000000080000784,,t3:0000000000000003,,07c74e03,3,"lbu     t3, 124(a4)",,
0000000080000788,,s3:ffffffffffffffe8,,fe870983,3,"lb      s3, -24(a4)",,
000000008000078c,,ra:ffffffffffffffff,,02cad0bb,3,"divuw   ra, s5, a2",,
0000000080000790,,a1:0000000000000024,,02470583,3,"lb      a1, 36(a4)",,
0000000080000794,,sp:0000000080013794,,00013117,3,"auipc   sp, 0x13",,
0000000080000798,,sp:000000008001328f,,afb10113,3,"addi    sp, sp, -1285",,
000000008000079c,,s5:0000000000000001,,0055da9b,3,"srliw   s5, a1, 5",,
00000000800007a8,,s2:0000000000000031,,feb10903,3,"lb      s2, -21(sp)",,
00000000800007ac,,t1:0000000000000000,,0026a333,3,"slt     t1, a3, sp",,
00000000800007b0,,s4:0000000000000046,,ffe14a03,3,"lbu     s4, -2(sp)",,
00000000800007b8,,gp:0000000001757600,,005e91bb,3,"sllw    gp, t4, t0",,
00000000800007c0,,t0:000000000000004e,,00610283,3,"lb      t0, 6(sp)",,
00000000800007c4,,t1:0000000000000000,,019ad313,3,"srli    t1, s5, 25",,
00000000800007c8,,a6:ffffffffffff3f40,,407a883b,3,"subw    a6, s5, t2",,
00000000800007cc,,s5:fffffff4000000d8,,033d8ab3,3,"mul     s5, s11, s3",,
00000000800007d0,,s6:0000000000000000,,03a7cb33,3,"div     s6, a5, s10",,
00000000800007d4,,a4:ffffffffffffffe8,,0249f733,3,"remu    a4, s3, tp",,
00000000800007d8,,s11:0000000000000000,,02043db3,3,"mulhu   s11, s0, zero",,
00000000800007dc,,s2:0000000000000000,,01431933,3,"sll     s2, t1, s4",,
00000000800007e0,,s2:0000000000000000,,035b493b,3,"divw    s2, s6, s5",,
00000000800007e4,,s5:0000000000000003,,00ae1ab3,3,"sll     s5, t3, a0",,
00000000800007e8,,s4:0000000000000000,,02d1da3b,3,"divuw   s4, gp, a3",,
00000000800007f0,,a5:00000000000000d7,,017b47b3,3,"xor     a5, s6, s7",,
00000000800007f4,,t6:0000000000000791,,79104f93,3,"xori    t6, zero, 1937",,
00000000800007f8,,s1:0000000000000000,,030004bb,3,"mulw    s1, zero, a6",,
00000000800007fc,,a4:ffffffffffffffff,,032b4733,3,"div     a4, s6, s2",,
0000000080000800,,t1:0000000000000030,,fec14303,3,"lbu     t1, -20(sp)",,
0000000080000804,,s8:ffffffffffffffff,,0120dc3b,3,"srlw    s8, ra, s2",,
0000000080000808,,t0:0000000000000069,,02310283,3,"lb      t0, 35(sp)",,
0000000080000814,,a6:000000000000005c,,01810803,3,"lb      a6, 24(sp)",,
0000000080000818,,s3:0000000080010818,,00010997,3,"auipc   s3, 0x10",,
000000008000081c,,s3:0000000080010a91,,27998993,3,"addi    s3, s3, 633",,
0000000080000820,,t4:0000000000000038,,ff29ce83,3,"lbu     t4, -14(s3)",,
000000008000082c,,s1:0000000000000046,,ffc9c483,3,"lbu     s1, -4(s3)",,
0000000080000830,,s10:0000000000000000,,01859d3b,3,"sllw    s10, a1, s8",,
0000000080000834,,t3:0000000000000000,,00d01e33,3,"sll     t3, zero, a3",,
0000000080000838,,gp:0000000000000053,,0079c183,3,"lbu     gp, 7(s3)",,
000000008000083c,,s6:0000000000000000,,026a1b33,3,"mulh    s6, s4, t1",,
0000000080000840,,s4:0000000000000000,,410eda33,3,"sra     s4, t4, a6",,
0000000080000844,,ra:fffffffffffffdd7,,dd870093,3,"addi    ra, a4, -552",,
0000000080000848,,a7:000000000000004a,,00098883,3,"lb      a7, 0(s3)",,
0000000080000850,,t6:0000000000000076,,0109cf83,3,"lbu     t6, 16(s3)",,
0000000080000854,,t6:0000000000005051,,0099df83,3,"lhu     t6, 9(s3)",,
0000000080000858,,a5:0000000000000001,,007ad7b3,3,"srl     a5, s5, t2",,
000000008000085c,,a4:0000000000000000,,414b571b,3,"sraiw   a4, s6, 20",,
0000000080000860,,gp:0000000000000000,,01afd19b,3,"srliw   gp, t6, 26",,
0000000080000864,,a5:0000000000000038,,ff298783,3,"lb      a5, -14(s3)",,
0000000080000868,,t3:0000000000000038,,01b7de33,3,"srl     t3, a5, s11",,
0000000080000874,,t1:0000000000000045,,ffd9c303,3,"lbu     t1, -3(s3)",,
0000000080000878,,a2:0000000000005253,,0079d603,3,"lhu     a2, 7(s3)",,
000000008000087c,,gp:0000000000000900,,009591bb,3,"sllw    gp, a1, s1",,
0000000080000880,,s0:0000000000004041,,ff999403,3,"lh      s0, -7(s3)",,
0000000080000884,,s11:0000000000000000,,02504db3,3,"div     s11, zero, t0",,
000000008000088c,,a5:0000000000000000,,039747b3,3,"div     a5, a4, s9",,
0000000080000890,,a5:0000000000000038,,ff29c783,3,"lbu     a5, -14(s3)",,
0000000080000894,,t4:0000000000000000,,03a03eb3,3,"mulhu   t4, zero, s10",,
0000000080000898,,s6:0000000000000000,,41dddb3b,3,"sraw    s6, s11, t4",,
000000008000089c,,s7:0000000000000039,,ff198b83,3,"lb      s7, -15(s3)",,
00000000800008a8,,t6:0000000000000054,,00e98f83,3,"lb      t6, 14(s3)",,
00000000800008ac,,t1:0000000000000000,,004d531b,3,"srliw   t1, s10, 4",,
00000000800008b0,,s5:0000000000000000,,00f5da93,3,"srli    s5, a1, 15",,
00000000800008b4,,a2:ffffffffffffffc7,,01cc4633,3,"xor     a2, s8, t3",,
00000000800008c8,,ra:0000000000000054,,00e98083,3,"lb      ra, 14(s3)",,
00000000800008cc,,t4:0000000000000000,,03eb2eb3,3,"mulhsu  t4, s6, t5",,
00000000800008d0,,s6:000000000000004a,,011f0b3b,3,"addw    s6, t5, a7",,
00000000800008d8,,t2:0000000000000000,,00a703bb,3,"addw    t2, a4, a0",,
00000000800008dc,,s6:000000000000003e,,ff49cb03,3,"lbu     s6, -12(s3)",,
00000000800008e0,,s11:0000000000004a4b,,fff99d83,3,"lh      s11, -1(s3)",,
00000000800008e4,,s3:00000000800108e4,,00010997,3,"auipc   s3, 0x10",,
00000000800008e8,,s3:0000000080010751,,e6d98993,3,"addi    s3, s3, -403",,
00000000800008f0,,a5:0000000000000000,,030b47bb,3,"divw    a5, s6, a6",,
00000000800008f4,,s10:00000000000000bf,,eb39cd03,3,"lbu     s10, -333(s3)",,
00000000800008f8,,s5:ffffffffffffffa0,,e9a98a83,3,"lb      s5, -358(s3)",,
00000000800008fc,,sp:000000000000001f,,03c6713b,3,"remuw   sp, a2, t3",,
0000000080000904,,t4:0000000000000000,,0171de9b,3,"srliw   t4, gp, 23",,
0000000080000908,,t5:0000000000000000,,03ba2f33,3,"mulhsu  t5, s4, s11",,
000000008000090c,,a7:0000000000000000,,8be2a893,3,"slti    a7, t0, -1858",,
0000000080000910,,a5:000000008002bc38,,40ec87b3,3,"sub     a5, s9, a4",,
000000008000091c,,t4:ffffffffffff9c9d,,49599e83,3,"lh      t4, 1173(s3)",,
0000000080000924,,s7:0000000000004849,,44199b83,3,"lh      s7, 1089(s3)",,
0000000080000928,,s0:0000000000000000,,025e543b,3,"divuw   s0, t3, t0",,
000000008000092c,,s5:0000000000000000,,02448ab3,3,"mul     s5, s1, tp",,
0000000080000930,,gp:0000000000000030,,42a98183,3,"lb      gp, 1066(s3)",,
0000000080000938,,s8:0000000000000000,,00725c1b,3,"srliw   s8, tp, 7",,
000000008000093c,,t3:0000000000000000,,99498e03,3,"lb      t3, -1644(s3)",,
0000000080000940,,t4:00000000000000ae,,ca49ce83,3,"lbu     t4, -860(s3)",,
0000000080000944,,s2:0000000000000000,,41c2591b,3,"sraiw   s2, tp, 28",,
0000000080000948,,s6:0000000000000405,,efd9db03,3,"lhu     s6, -259(s3)",,
000000008000094c,,s0:0000000001ffffff,,02765413,3,"srli    s0, a2, 39",,
0000000080000950,,t3:0000002a00566694,,033f8e33,3,"mul     t3, t6, s3",,
0000000080000954,,s6:ffffffffffffffb7,,7ab98b03,3,"lb      s6, 1963(s3)",,
0000000080000958,,s11:ffffffffbdac2000,,bdac2db7,3,"lui     s11, 0xbdac2",,
0000000080000960,,t2:0000000000000001,,0108b3b3,3,"sltu    t2, a7, a6",,
0000000080000964,,a2:8000000000000000,,008d1633,3,"sll     a2, s10, s0",,
0000000080000968,,t4:0000000000000074,,16e98e83,3,"lb      t4, 366(s3)",,
000000008000096c,,s5:0000000000000002,,021d5abb,3,"divuw   s5, s10, ra",,
0000000080000970,,a5:0000000000002627,,c1b99783,3,"lh      a5, -997(s3)",,
000000008000097c,,s7:0000000000000036,,e2c9cb83,3,"lbu     s7, -468(s3)",,
0000000080000980,,sp:000000008001e980,,0001e117,3,"auipc   sp, 0x1e",,
0000000080000984,,sp:000000008001e60a,,c8a10113,3,"addi    sp, sp, -886",,
0000000080000988,,s7:00000000000000cc,,d0d14b83,3,"lbu     s7, -755(sp)",,
000000008000098c,,s3:0000000000000082,,cbf14983,3,"lbu     s3, -833(sp)",,
0000000080000990,,s7:0000000000000000,,02395bb3,3,"divu    s7, s2, gp",,
0000000080000994,,t6:0000000000002e00,,00781f93,3,"slli    t6, a6, 7",,
0000000080000998,,a7:00000000000000e6,,42314883,3,"lbu     a7, 1059(sp)",,
000000008000099c,,s7:0000000000000000,,020b1bb3,3,"mulh    s7, s6, zero",,
00000000800009a0,,t6:8000000000000074,,00cecfb3,3,"xor     t6, t4, a2",,
00000000800009a8,,a2:0000000000000000,,42314603,3,"lbu     a2, 1059(sp)",,
00000000800009b0,,t1:ffffffffffffff9a,,3d710303,3,"lb      t1, 983(sp)",,
00000000800009b8,,t4:0000000000000027,,3d710e83,3,"lb      t4, 983(sp)",,
00000000800009c0,,sp:00000000800109c0,,00010117,3,"auipc   sp, 0x10",,
00000000800009c4,,sp:0000000080010a82,,0c210113,3,"addi    sp, sp, 194",,
00000000800009c8,,s2:0000000000000065,,02c14903,3,"lbu     s2, 44(sp)",,
00000000800009d0,,s6:0000000000000000,,01510b03,3,"lb      s6, 21(sp)",,
00000000800009d4,,a1:0000000040008541,,035155b3,3,"divu    a1, sp, s5",,
00000000800009d8,,a4:ffffffffbdac25da,,5dadc713,3,"xori    a4, s11, 1498",,
00000000800009dc,,a5:0000000000000019,,fe010783,3,"lb      a5, -32(sp)",,
00000000800009e4,,a6:0000000000003a3b,,ffe15803,3,"lhu     a6, -2(sp)",,
00000000800009e8,,s11:0000000000000000,,fed14d83,3,"lbu     s11, -19(sp)",,
00000000800009f0,,s3:0000000000000000,,01d10983,3,"lb      s3, 29(sp)",,
00000000800009f4,,s4:0000000000000034,,03f2ba33,3,"mulhu   s4, t0, t6",,
00000000800009f8,,s11:000000000000006c,,03510d83,3,"lb      s11, 53(sp)",,
00000000800009fc,,s1:0000000000000000,,008ad4bb,3,"srlw    s1, s5, s0",,
0000000080000a00,,ra:0000000000000015,,fdc14083,3,"lbu     ra, -36(sp)",,
0000000080000a08,,s7:0000000078797a7b,,03e16b83,3,"lwu     s7, 62(sp)",,
0000000080000a0c,,a4:fffffffffffff90d,,9b2d4713,3,"xori    a4, s10, -1614",,
0000000080000a14,,s3:000000002adb2a14,,aadb2997,3,"auipc   s3, 0xaadb2",,
0000000080000a18,,t1:0000000000000066,,02b14303,3,"lbu     t1, 43(sp)",,
0000000080000a1c,,s4:0000000000000000,,03a5ba33,3,"mulhu   s4, a1, s10",,
0000000080000a20,,s2:000000000000006e,,03310903,3,"lb      s2, 51(sp)",,
0000000080000a24,,a0:0000000000000000,,413fd51b,3,"sraiw   a0, t6, 19",,
0000000080000a28,,t4:0000000000000002,,fc714e83,3,"lbu     t4, -57(sp)",,
0000000080000a2c,,gp:0000000000000000,,03e721b3,3,"mulhsu  gp, a4, t5",,
0000000080000a30,,s8:0000000000000000,,03f14c03,3,"lbu     s8, 63(sp)",,
0000000080000a34,,s7:0000000000000002,,fc714b83,3,"lbu     s7, -57(sp)",,
0000000080000a3c,,s2:0000000000000000,,020b9933,3,"mulh    s2, s7, zero",,
0000000080000a40,,a4:0000000000566692,,41de073b,3,"subw    a4, t3, t4",,
0000000080000a44,,s4:000000000000006c,,409dda33,3,"sra     s4, s11, s1",,
0000000080000a48,,s11:0000000000000069,,0332edbb,3,"remw    s11, t0, s3",,
0000000080000a4c,,a5:0000000001ffffff,,008de7b3,3,"or      a5, s11, s0",,
0000000080000a50,,a0:0000000000000050,,01910503,3,"lb      a0, 25(sp)",,
0000000080000a54,,s6:0000000000000000,,006bdb13,3,"srli    s6, s7, 6",,
0000000080000a58,,s10:0000000000000000,,03c84d3b,3,"divw    s10, a6, t3",,
0000000080000a5c,,a2:0000000000000000,,41a7d61b,3,"sraiw   a2, a5, 26",,
0000000080000a68,,a2:0000000000000001,,15bb3613,3,"sltiu   a2, s6, 347",,
0000000080000a70,,s0:0000000000000000,,03779433,3,"mulh    s0, a5, s7",,
0000000080000a74,,s5:0000000000001a1b,,fde15a83,3,"lhu     s5, -34(sp)",,
0000000080000a78,,t0:0000000055b65428,,033b82b3,3,"mul     t0, s7, s3",,
0000000080000a84,,s6:0000000000000000,,01e04b33,3,"xor     s6, zero, t5",,
0000000080000a88,,s7:00000000000006dd,,6dd0eb93,3,"ori     s7, ra, 1757",,
0000000080000a8c,,t3:000000008002bc38,,027c8e33,3,"mul     t3, s9, t2",,
0000000080000a90,,a2:0000000000000001,,00d52633,3,"slt     a2, a0, a3",,
0000000080000a94,,s0:0000000000000000,,01255413,3,"srli    s0, a0, 18",,
0000000080000a98,,s6:0000000000000000,,0275fb3b,3,"remuw   s6, a1, t2",,
0000000080000a9c,,s7:00000000aadb3efc,,00d9ebb3,3,"or      s7, s3, a3",,
0000000080000aa0,,t1:ffffffffffffffff,,036d4333,3,"div     t1, s10, s6",,
0000000080000aa4,,s11:0000000000000000,,02a95d93,3,"srli    s11, s2, 42",,
0000000080000aa8,,t5:0000000000000000,,002edf33,3,"srl     t5, t4, sp",,
0000000080000aac,,s4:0000000000000067,,06660a1b,3,"addiw   s4, a2, 102",,
0000000080000afc,,a0:ffffffffffffffcd,,fcc5e513,3,"ori     a0, a1, -52",,
0000000080000b00,,s3:0000000000001a1b,,030ae9bb,3,"remw    s3, s5, a6",,
0000000080000b04,,t0:7fffffffffffe8e4,,03f502b3,3,"mul     t0, a0, t6",,
0000000080000b08,,s2:0000000000000001,,010aa933,3,"slt     s2, s5, a6",,
0000000080000b0c,,a5:0000000015e1c000,,00be179b,3,"slliw   a5, t3, 11",,
0000000080000b60,,t3:0000000000000000,,004efe33,3,"and     t3, t4, tp",,
0000000080000b64,,s1:0000000000000000,,001834b3,3,"sltu    s1, a6, ra",,
0000000080000b8c,,s1:fffffffffffffccd,,ccd66493,3,"ori     s1, a2, -819",,
0000000080000b94,,t0:ffffffff8002bc38,,40fcd2bb,3,"sraw    t0, s9, a5",,
0000000080000b98,,gp:0000000000000000,,a4c92193,3,"slti    gp, s2, -1460",,
0000000080000b9c,,s11:fffffffffffffa62,,a621cd93,3,"xori    s11, gp, -1438",,
0000000080000ba0,,s3:00000000000007d8,,7d81899b,3,"addiw   s3, gp, 2008",,
0000000080000ba4,,a4:0000000000000000,,0321b733,3,"mulhu   a4, gp, s2",,
0000000080000ba8,,s4:0000000000000000,,03a20a3b,3,"mulw    s4, tp, s10",,
0000000080000bac,,s3:000000007730ebac,,f730e997,3,"auipc   s3, 0xf730e",,
0000000080000bb0,,s1:00000000000007bd,,7a80849b,3,"addiw   s1, ra, 1960",,
0000000080000bb4,,t0:0000000000000000,,03d252b3,3,"divu    t0, tp, t4",,
0000000080000bb8,,a5:0000000000000000,,0017f7b3,3,"and     a5, a5, ra",,
0000000080000bbc,,a2:0000000100021504,,00c11633,3,"sll     a2, sp, a2",,
0000000080000bc0,,s1:0000000000000000,,03c294b3,3,"mulh    s1, t0, t3",,
0000000080000bc4,,t5:000000000000027a,,27ac4f13,3,"xori    t5, s8, 634",,
0000000080000bc8,,t1:000000000000027a,,03af6333,3,"rem     t1, t5, s10",,
0000000080000bcc,,s6:000000003cf39000,,3cf39b37,3,"lui     s6, 0x3cf39",,
0000000080000bd0,,t0:00000000042a0800,,0096129b,3,"slliw   t0, a2, 9",,
0000000080000bd4,,s1:000000000000077b,,52136493,3,"ori     s1, t1, 1313",,
0000000080000bd8,,t4:0000000002150400,,4072debb,3,"sraw    t4, t0, t2",,
0000000080000bdc,,t2:ffffffffaadb3efc,,032bd3bb,3,"divuw   t2, s7, s2",,
0000000080000be0,,s8:0000000000000000,,03901c33,3,"mulh    s8, zero, s9",,
0000000080000c38,,t0:000000000000027a,,018f62b3,3,"or      t0, t5, s8",,
0000000080000c3c,,a7:0000000000000000,,000d08bb,3,"addw    a7, s10, zero",,
0000000080000c40,,t3:000000008002bc38,,023cfe33,3,"remu    t3, s9, gp",,
0000000080000c44,,s2:0000000000000001,,01272933,3,"slt     s2, a4, s2",,
0000000080000c48,,t4:000000000000077b,,0244febb,3,"remuw   t4, s1, tp",,
0000000080000c50,,a6:ffffffffffffffff,,02e34833,3,"div     a6, t1, a4",,
0000000080000c54,,s1:0000000000000000,,03c0d4bb,3,"divuw   s1, ra, t3",,
0000000080000c58,,t3:ffffffffffffffff,,02e1ce33,3,"div     t3, gp, a4",,
0000000080000c5c,,s0:000000005524c178,,407f843b,3,"subw    s0, t6, t2",,
0000000080000c60,,t0:0000000007730eba,,4049d293,3,"srai    t0, s3, 4",,
0000000080000c64,,s11:0000000080010a82,,01259db3,3,"sll     s11, a1, s2",,
0000000080000c68,,ra:0000000000000000,,028d40bb,3,"divw    ra, s10, s0",,
0000000080000c6c,,t0:fffffffffffffbf2,,972de293,3,"ori     t0, s11, -1678",,
0000000080000c70,,a0:ffffffffffffffff,,02c52533,3,"mulhsu  a0, a0, a2",,
0000000080000c74,,s10:ffffffffe83e7000,,e83e7d37,3,"lui     s10, 0xe83e7",,
0000000080000c78,,a7:0000000000000000,,02bb18b3,3,"mulh    a7, s6, a1",,
0000000080000c80,,a7:0000000000000001,,019a38b3,3,"sltu    a7, s4, s9",,
0000000080000c84,,s3:0000000000000001,,0218f9b3,3,"remu    s3, a7, ra",,
0000000080000c88,,s5:fffffffffffffb82,,f8a2fa93,3,"andi    s5, t0, -118",,
0000000080000c8c,,a5:0000000000000000,,017a77b3,3,"and     a5, s4, s7",,
0000000080000c90,,a7:0000000000000000,,0257c8bb,3,"divw    a7, a5, t0",,
0000000080000c94,,a6:0000000000000000,,00f75833,3,"srl     a6, a4, a5",,
0000000080000c98,,s5:0000000000000000,,034d3ab3,3,"mulhu   s5, s10, s4",,
0000000080000c9c,,s7:0000000000000000,,de392b93,3,"slti    s7, s2, -541",,
0000000080000ca0,,t2:0000000044419ca0,,c4419397,3,"auipc   t2, 0xc4419",,
0000000080000ca4,,sp:0000000000000000,,866c7113,3,"andi    sp, s8, -1946",,
0000000080000ca8,,a7:0000000000000000,,036ac8b3,3,"div     a7, s5, s6",,
0000000080000cf4,,a5:fffffffffffff97b,,907f879b,3,"addiw   a5, t6, -1785",,
0000000080000cf8,,a7:0000000080011cf8,,00011897,3,"auipc   a7, 0x11",,
0000000080000cfc,,a7:00000000800124a9,,7b188893,3,"addi    a7, a7, 1969",,
0000000080000d04,,s3:0000000000000000,,02ed09bb,3,"mulw    s3, s10, a4",,
0000000080000d08,,a4:00000000000000ff,,f9a8c703,3,"lbu     a4, -102(a7)",,
0000000080000d0c,,a0:ffffffffffffffff,,f9a88503,3,"lb      a0, -102(a7)",,
0000000080000d14,,t1:00000000000000ff,,f9a8c303,3,"lbu     t1, -102(a7)",,
0000000080000d18,,t1:0000000000000000,,409bd333,3,"sra     t1, s7, s1",,
0000000080000d1c,,sp:00000000e673bd1c,,6673b117,3,"auipc   sp, 0x6673b",,
0000000080000d24,,s10:0000000000000000,,f9a8cd03,3,"lbu     s10, -102(a7)",,
0000000080000d28,,t1:0000000000000001,,02ae033b,3,"mulw    t1, t3, a0",,
0000000080000d2c,,s11:0000000000000000,,03f35d93,3,"srli    s11, t1, 63",,
0000000080000d30,,s2:00000000000000ff,,01070933,3,"add     s2, a4, a6",,
0000000080000d34,,s11:0000000000000000,,f9a88d83,3,"lb      s11, -102(a7)",,
0000000080000d40,,s4:ffffffffffffff98,,03a88a03,3,"lb      s4, 58(a7)",,
0000000080000d44,,t4:ffffffffffffff98,,03a88e83,3,"lb      t4, 58(a7)",,
0000000080000d4c,,s3:0000000000000000,,03a88983,3,"lb      s3, 58(a7)",,
0000000080000d50,,s4:0000000000000000,,03a88a03,3,"lb      s4, 58(a7)",,
0000000080000d54,,s5:0000000000000000,,03a8ca83,3,"lbu     s5, 58(a7)",,
0000000080000d60,,s0:000000000001ffff,,00f5541b,3,"srliw   s0, a0, 15",,
0000000080000d68,,a2:0000000000000000,,41bc561b,3,"sraiw   a2, s8, 27",,
0000000080000d6c,,t2:fffffffffffff9ea,,9ea0c393,3,"xori    t2, ra, -1558",,
0000000080000d70,,a0:0000000000000000,,0146b533,3,"sltu    a0, a3, s4",,
0000000080000d74,,s6:0000000000000004,,4025db33,3,"sra     s6, a1, sp",,
0000000080000d78,,t3:ffffffffca73f000,,ca73fe37,3,"lui     t3, 0xca73f",,
0000000080000d7c,,s8:0000000004f3fd86,,03e40c33,3,"mul     s8, s0, t5",,
0000000080000d80,,s7:000000000001fbf2,,00547bb3,3,"and     s7, s0, t0",,
0000000080000d84,,s1:7ffffffffffd0bbc,,02ff84b3,3,"mul     s1, t6, a5",,
0000000080000d88,,t2:000000000000027a,,014f53bb,3,"srlw    t2, t5, s4",,
0000000080000d8c,,s7:ffffffff7ffd43c8,,41900bb3,3,"sub     s7, zero, s9",,
0000000080000d90,,s7:0000000000000000,,00cadbb3,3,"srl     s7, s5, a2",,
0000000080000d94,,t6:0000000000000000,,03a79fb3,3,"mulh    t6, a5, s10",,
0000000080000d98,,s2:0000000000000000,,02bc5933,3,"divu    s2, s8, a1",,
0000000080000d9c,,a4:0000000000000000,,016b9733,3,"sll     a4, s7, s6",,
0000000080000da4,,a2:000000000001ffff,,01344633,3,"xor     a2, s0, s3",,
0000000080000da8,,t2:0000000000000001,,0097a3b3,3,"slt     t2, a5, s1",,
0000000080000dac,,s6:0000000000000000,,03f20b3b,3,"mulw    s6, tp, t6",,
0000000080000db0,,a1:0000000000000160,,160b0593,3,"addi    a1, s6, 352",,
0000000080000db4,,s2:0000000000000001,,955e2913,3,"slti    s2, t3, -1707",,
0000000080000db8,,a5:0000000000003fff,,005e57b3,3,"srl     a5, t3, t0",,
0000000080000dbc,,s5:7ffffffffffd09a4,,9a54fa93,3,"andi    s5, s1, -1627",,
0000000080000dc0,,a2:0000000000000000,,4011d613,3,"srai    a2, gp, 1",,
0000000080000dc4,,sp:0000000000012480,,0188f133,3,"and     sp, a7, s8",,
0000000080000dcc,,t5:0000000000000000,,40730f33,3,"sub     t5, t1, t2",,
0000000080000dd0,,t0:3800000000000000,,019c92b3,3,"sll     t0, s9, s9",,
0000000080000dd4,,ra:0249000000000000,,011110b3,3,"sll     ra, sp, a7",,
0000000080000ddc,,s8:00000000000fffff,,00cedc1b,3,"srliw   s8, t4, 12",,
0000000080000de0,,a6:0000000000000000,,02f74833,3,"div     a6, a4, a5",,
0000000080000de4,,s2:1348000000000000,,031a9913,3,"slli    s2, s5, 49",,
0000000080000de8,,t4:ffffffffffffffff,,02a1debb,3,"divuw   t4, gp, a0",,
0000000080000dec,,t0:0000000000000000,,012ff2b3,3,"and     t0, t6, s2",,
0000000080000df0,,t6:000000000001ffff,,00241fb3,3,"sll     t6, s0, sp",,
0000000080000df4,,a2:0000000000000000,,016ba633,3,"slt     a2, s7, s6",,
0000000080000dfc,,a1:0000000000000000,,027525b3,3,"mulhsu  a1, a0, t2",,
0000000080000e00,,t3:0000000000000000,,03697e3b,3,"remuw   t3, s2, s6",,
0000000080000e04,,t5:000000000001ffff,,001f9f33,3,"sll     t5, t6, ra",,
0000000080000e08,,sp:000000000001ffff,,4124013b,3,"subw    sp, s0, s2",,
0000000080000e10,,sp:0000000000000000,,0172c133,3,"xor     sp, t0, s7",,
0000000080000e14,,s11:0000000000000000,,00a87db3,3,"and     s11, a6, a0",,
0000000080000e18,,s8:ffffffffffffffff,,496eec13,3,"ori     s8, t4, 1174",,
0000000080000e1c,,t2:000000009a066e1c,,1a066397,3,"auipc   t2, 0x1a066",,
0000000080000e20,,s0:0000000000000000,,3fe0a413,3,"slti    s0, ra, 1022",,
0000000080000e24,,t4:0000000000000001,,41d00eb3,3,"sub     t4, zero, t4",,
0000000080000e28,,a0:ffffffffc0000000,,01c4951b,3,"slliw   a0, s1, 28",,
0000000080000e2c,,t4:0000000000000000,,41865e9b,3,"sraiw   t4, a2, 24",,
0000000080000e38,,a2:0000000000000000,,000d1633,3,"sll     a2, s10, zero",,
0000000080000e3c,,s8:0000000000000000,,024bbc33,3,"mulhu   s8, s7, tp",,
0000000080000e40,,a0:000000000000040b,,40a30513,3,"addi    a0, t1, 1034",,
0000000080000e44,,sp:0000000000000000,,020b613b,3,"remw    sp, s6, zero",,
0000000080000e48,,s8:0000000000000000,,02747c33,3,"remu    s8, s0, t2",,
0000000080000e50,,t2:0249000000000000,,001003b3,3,"add     t2, zero, ra",,
0000000080000e54,,s5:0000000000000001,,02937abb,3,"remuw   s5, t1, s1",,
0000000080000e58,,s7:0000000000000000,,03521bb3,3,"mulh    s7, tp, s5",,
0000000080000e60,,a7:00007fffc0000000,,01ef9893,3,"slli    a7, t6, 30",,
0000000080000e64,,s3:0000000000000001,,0213d9b3,3,"divu    s3, t2, ra",,
0000000080000e68,,s11:0000000000000000,,01c45d9b,3,"srliw   s11, s0, 28",,
0000000080000e6c,,t1:0000080000000000,,02b99313,3,"slli    t1, s3, 43",,
0000000080000e70,,s7:000000000001ffff,,00cf4bb3,3,"xor     s7, t5, a2",,
0000000080000e74,,a6:0000000000000001,,027af833,3,"remu    a6, s5, t2",,
0000000080000e80,,sp:ffffffffffffffc0,,40d8d13b,3,"sraw    sp, a7, a3",,
0000000080000e84,,s11:000000000019e7c0,,00369d9b,3,"slliw   s11, a3, 3",,
0000000080000e88,,tp:0000000080000e88,,00000217,3,"auipc   tp, 0x0",,
0000000080000e8c,,tp:0000000080000e94,,00c20213,3,"addi    tp, tp, 12",,
0000000080000e94,,gp:0000000000000001,,00100193,3,"li      gp, 1",,
0000000080000e98,,,,00000073,,ecall,,
